{"cameraMode":{"drawMode":0,"name":"Shaded","section":"Shading Mode"},"sceneLighting":true,"audioPlay":false,"sceneViewState":{"showFog":false,"showMaterialUpdate":false,"showSkybox":false,"showFlares":false,"showImageEffects":false,"showParticleSystems":true},"in2DMode":false,"pivot":{"x":9.78747272491455,"y":1.3318904638290406,"z":1.9881987571716309},"rotation":{"x":0.08523949235677719,"y":-0.9136077165603638,"z":0.256113737821579,"w":0.30407389998435976},"size":3.0789008140563967,"orthographic":false}