{"cameraMode":{"drawMode":0,"name":"Shaded","section":"Shading Mode"},"sceneLighting":true,"audioPlay":false,"sceneViewState":{"showFog":false,"showMaterialUpdate":false,"showSkybox":false,"showFlares":false,"showImageEffects":false,"showParticleSystems":true},"in2DMode":false,"pivot":{"x":6.992915153503418,"y":-1.0213074684143067,"z":0.6903307437896729},"rotation":{"x":-0.15426909923553468,"y":0.7828930020332336,"z":-0.21441075205802918,"w":-0.5633007287979126},"size":9.699039459228516,"orthographic":false}