{"cameraMode":{"drawMode":0,"name":"Shaded","section":"Shading Mode"},"sceneLighting":true,"audioPlay":false,"sceneViewState":{"showFog":false,"showMaterialUpdate":false,"showSkybox":false,"showFlares":false,"showImageEffects":false,"showParticleSystems":true},"in2DMode":false,"pivot":{"x":11.0880126953125,"y":0.8133217096328735,"z":1.5428051948547364},"rotation":{"x":0.07488462328910828,"y":-0.9244647026062012,"z":0.2817385494709015,"w":0.24572499096393586},"size":3.0789008140563967,"orthographic":false}