{"cameraMode":{"drawMode":0,"name":"Shaded","section":"Shading Mode"},"sceneLighting":true,"audioPlay":false,"sceneViewState":{"showFog":false,"showMaterialUpdate":false,"showSkybox":false,"showFlares":false,"showImageEffects":false,"showParticleSystems":true},"in2DMode":false,"pivot":{"x":-34.83010482788086,"y":-60.06634521484375,"z":-79.53496551513672},"rotation":{"x":0.06758418679237366,"y":-0.9303310513496399,"z":0.28506410121917727,"w":0.2205788493156433},"size":120.96350860595703,"orthographic":false}