{"cameraMode":{"drawMode":0,"name":"Shaded","section":"Shading Mode"},"sceneLighting":true,"audioPlay":false,"sceneViewState":{"showFog":false,"showMaterialUpdate":false,"showSkybox":false,"showFlares":false,"showImageEffects":false,"showParticleSystems":true},"in2DMode":false,"pivot":{"x":9.64726734161377,"y":2.8595163822174074,"z":6.604384899139404},"rotation":{"x":0.07711020112037659,"y":-0.9202940464019775,"z":0.30479708313941958,"w":0.23283417522907258},"size":3.973754644393921,"orthographic":false}