{"cameraMode":{"drawMode":0,"name":"Shaded","section":"Shading Mode"},"sceneLighting":true,"audioPlay":false,"sceneViewState":{"showFog":false,"showMaterialUpdate":false,"showSkybox":false,"showFlares":false,"showImageEffects":false,"showParticleSystems":true},"in2DMode":false,"pivot":{"x":-48.768218994140628,"y":-70.36578369140625,"z":-56.034393310546878},"rotation":{"x":0.14338275790214539,"y":-0.8559669256210327,"z":0.3328149914741516,"w":0.36877673864364626},"size":118.55644989013672,"orthographic":false}