{"cameraMode":{"drawMode":0,"name":"Shaded","section":"Shading Mode"},"sceneLighting":true,"audioPlay":false,"sceneViewState":{"showFog":false,"showMaterialUpdate":false,"showSkybox":false,"showFlares":false,"showImageEffects":false,"showParticleSystems":true},"in2DMode":false,"pivot":{"x":6.190794467926025,"y":-2.3336024284362795,"z":-1.1266822814941407},"rotation":{"x":-0.13197988271713258,"y":0.8491848111152649,"z":-0.25184959173202517,"w":-0.445015013217926},"size":17.113985061645509,"orthographic":false}