{"cameraMode":{"drawMode":0,"name":"Shaded","section":"Shading Mode"},"sceneLighting":false,"audioPlay":false,"sceneViewState":{"showFog":false,"showMaterialUpdate":false,"showSkybox":false,"showFlares":false,"showImageEffects":false,"showParticleSystems":true},"in2DMode":false,"pivot":{"x":11.265840530395508,"y":0.932266354560852,"z":1.7260526418685914},"rotation":{"x":0.0794503316283226,"y":-0.9193936586380005,"z":0.2953431010246277,"w":0.24733667075634004},"size":9.06793212890625,"orthographic":false}