{"cameraMode":{"drawMode":0,"name":"Shaded","section":"Shading Mode"},"sceneLighting":true,"audioPlay":false,"sceneViewState":{"showFog":false,"showMaterialUpdate":false,"showSkybox":false,"showFlares":false,"showImageEffects":false,"showParticleSystems":true},"in2DMode":false,"pivot":{"x":10.46235466003418,"y":3.352076530456543,"z":5.978666305541992},"rotation":{"x":0.024534180760383607,"y":-0.964892566204071,"z":0.24260331690311433,"w":0.09759164601564408},"size":3.973754644393921,"orthographic":false}