{"cameraMode":{"drawMode":0,"name":"Shaded","section":"Shading Mode"},"sceneLighting":false,"audioPlay":false,"sceneViewState":{"showFog":false,"showMaterialUpdate":false,"showSkybox":false,"showFlares":false,"showImageEffects":false,"showParticleSystems":true},"in2DMode":false,"pivot":{"x":-0.10976099967956543,"y":0.814496636390686,"z":0.067332923412323},"rotation":{"x":0.14589451253414155,"y":-0.5629247426986694,"z":0.10175482928752899,"w":0.8071410059928894},"size":1.8780739307403565,"orthographic":false}