{"cameraMode":{"drawMode":0,"name":"Shaded","section":"Shading Mode"},"sceneLighting":true,"audioPlay":false,"sceneViewState":{"showFog":false,"showMaterialUpdate":false,"showSkybox":false,"showFlares":false,"showImageEffects":false,"showParticleSystems":true},"in2DMode":false,"pivot":{"x":1.8889713287353516,"y":-6.608388423919678,"z":-14.78448486328125},"rotation":{"x":0.11936741322278977,"y":-0.8657938241958618,"z":0.2469281405210495,"w":0.41854387521743777},"size":25.5548095703125,"orthographic":false}